recorte,linha,coluna,escala1_horizontal,escala1_vertical,escala1_45_graus,escala1_135_graus,escala1_laplaciano,escala1_log,escala1_difusao,escala1_circular,escala2_horizontal,escala2_vertical,escala2_45_graus,escala2_135_graus,escala2_laplaciano,escala2_log,escala2_difusao,escala2_circular,escala3_horizontal,escala3_vertical,escala3_45_graus,escala3_135_graus,escala3_laplaciano,escala3_log,escala3_difusao,escala3_circular,grupo
0,0,0,15.85573959,18.65526199,20.35244751,17.53637695,6.69586945,81.86608083,14.31193510,64.13944626,19.97894287,25.14447021,29.12854004,24.71411133,5.12667847,140.45337013,24.79994023,82.88340759,24.26812744,38.74298096,41.18969727,34.54113770,7.99023438,182.13081470,31.66123644,128.90417480,3
1,0,512,24.71664810,24.10703659,28.88116837,26.70946884,7.74440384,111.88434095,19.70642000,79.57436371,35.21888733,37.70689392,45.81611633,42.10472107,6.63993835,212.86894615,37.91481232,116.88000488,55.47113037,62.67486572,74.59576416,69.92218018,11.81951904,415.62274777,73.59623570,238.01232910,1
2,0,1024,17.62112808,20.43299484,21.18884659,20.65690994,7.82602310,79.83098355,13.82698159,70.72560883,19.29394531,26.53302002,27.92524719,27.34007263,5.18244934,126.91923345,22.53469297,74.69876099,28.46099854,43.30548096,45.06896973,44.38635254,7.33789062,251.39081303,44.64445825,141.54449463,3
3,0,1536,20.59427261,13.82603836,20.79704285,20.41274261,6.83914185,108.13334195,19.14628982,74.64591980,28.41900635,13.90316772,28.18464661,27.71711731,6.12669373,170.84036118,30.41581049,100.73426819,32.23870850,17.65887451,32.90075684,32.93591309,9.16882324,138.55276695,23.66876934,129.61315918,3
4,512,0,26.51703644,19.19463348,25.09623718,25.37585449,8.97662354,117.88805209,20.54557219,92.33498764,33.90493774,18.54501343,30.61749268,31.97982788,7.26675415,164.80143502,28.93700465,106.46960449,42.88250732,21.63189697,38.79357910,40.43420410,9.50695801,196.20129171,34.39372285,139.17962646,3
5,512,512,19.83852768,12.33742905,17.76096725,17.72472000,8.06570816,74.11307438,12.78470751,71.30257034,21.20211792,7.14196777,17.59819031,17.50251770,4.86064148,84.61851139,14.95342725,57.08718872,29.18029785,6.24633789,23.24737549,22.94354248,4.98468018,121.46014521,21.49514523,75.44958496,3
6,512,1024,26.34819412,20.36456680,25.11936188,24.80051422,11.11891174,104.46045955,17.80332898,103.63471985,24.42828369,12.59487915,21.74446106,21.64018250,7.01554871,101.28543439,17.69241186,75.75085449,28.73199463,10.69561768,24.67687988,24.67236328,6.08911133,122.92003265,21.61621391,83.01391602,3
7,512,1536,40.51020050,27.36434174,40.20493317,38.60686493,13.61219788,199.24888391,34.74797477,155.06118011,45.03138733,24.70304871,44.67442322,42.31001282,11.81129456,232.18979881,40.96364712,156.33515930,50.90716553,28.64190674,52.82366943,49.26947021,12.86456299,240.51498588,41.94855188,182.91564941,1
8,1024,0,39.25732422,37.93183136,46.51911163,40.36437988,13.86949158,244.73305142,42.65884719,176.88740540,44.63441467,39.36891174,50.02229309,46.43241882,14.61369324,261.57863415,45.67041709,193.51048279,49.51721191,39.34680176,52.56536865,50.08843994,15.20758057,280.36345340,48.88119315,203.77191162,1
9,1024,512,31.69090652,63.79397202,57.25665283,54.28706360,15.90301514,303.94775333,53.35307861,208.93825150,38.18876648,82.92524719,74.29823303,70.25999451,17.48377991,405.10940430,71.23236727,266.85060120,47.86486816,94.12500000,87.61761475,81.49346924,22.83172607,462.65142699,80.68472677,337.64294434,4
10,1024,1024,30.08156204,53.09462357,54.02167511,43.08911896,13.93141174,264.25415506,46.44366523,181.03284454,39.01821899,69.23080444,72.39492798,56.62628174,15.12078857,360.57394907,63.59412464,231.42387390,53.40209961,88.21154785,94.45117188,74.53869629,20.25939941,487.20741527,85.39766460,327.49145508,4
11,1024,1536,29.10554886,53.95138168,49.28927994,46.15903854,13.86256790,269.07221677,47.18154679,184.06152344,35.10954285,65.87501526,60.69117737,57.06150818,15.63447571,333.07257972,58.40692416,228.79376221,41.69006348,71.62890625,67.65533447,63.35882568,19.03204346,342.35032168,59.37889146,266.71685791,4
12,1536,0,26.02446747,32.98442841,36.86337280,28.24573517,10.37255859,173.90622143,30.31157440,125.89980316,31.33676147,40.80740356,45.95062256,36.03305054,10.60415649,230.37225598,40.37925261,154.73626709,38.47210693,49.09588623,55.51568604,44.16571045,13.35736084,268.62744437,46.54584102,196.11853027,1
13,1536,512,21.73272324,57.00868607,46.95735168,46.35414886,12.42837524,244.35624811,43.09979761,163.90092468,26.02302551,82.24830627,66.44810486,65.96965027,13.95365906,385.75884642,68.29440976,232.87031555,32.98907471,97.41668701,80.23547363,79.63159180,21.21105957,417.79400794,72.62485776,319.04992676,4
14,1536,1024,21.20138168,41.39847946,40.55781174,30.39097977,10.44923782,180.79621348,31.72206791,126.86973572,26.83413696,56.47244263,54.85955811,41.53540039,10.64663696,265.36039604,46.72365525,166.24424744,35.59008789,68.21789551,66.05694580,53.25384521,15.14105225,318.80303360,55.19760439,234.10101318,1
15,1536,1536,39.51685715,64.89206314,60.30216599,51.75284958,16.96347427,331.06908315,57.53673736,229.37758255,49.14964294,85.83540344,75.99269104,69.72285461,20.31532288,412.98382389,71.18882943,301.89871216,52.24249268,92.59674072,79.20562744,77.78985596,25.66925049,399.82155799,68.81486993,327.26293945,4
16,2048,0,27.44518280,19.08882904,28.16603470,24.32851791,8.98460770,133.49166146,23.27044854,101.36681366,32.21334839,19.82495117,32.70297241,28.53857422,8.17013550,167.44678488,29.32300381,115.11793518,36.58148193,22.60394287,36.08966064,33.18170166,10.03399658,190.68293352,33.30756880,137.87744141,3
17,2048,512,21.82062912,44.03300858,39.97099686,38.19427109,10.68529892,201.37590948,35.51615055,135.89007950,25.46699524,61.10212708,54.30882263,52.44831848,11.54658508,308.84211440,54.62489523,189.84912109,32.19702148,68.44653320,62.41845703,59.99511719,17.02661133,316.41584753,55.13789452,244.46386719,1
18,2048,1024,26.00492096,26.30933380,32.21429825,24.97587967,9.71301651,145.23072307,25.24576233,109.29012299,32.53623962,30.44874573,40.05645752,31.07769775,9.04815674,188.67698826,32.91262988,129.31970215,40.67376709,33.08819580,46.20587158,38.87579346,11.41693115,224.55863837,39.05990526,163.58502197,1
19,2048,1536,30.67422485,40.05578613,45.58819199,27.20370865,11.86903763,200.84391435,34.78090292,144.96976089,40.76646423,52.68644714,61.11239624,33.60736084,12.67208862,264.57211936,45.28199537,190.56867981,49.68292236,62.63702393,71.44989014,42.50750732,17.19549561,304.09379032,52.53137050,231.25646973,1
20,2560,0,41.60680389,19.40256500,38.18947601,29.93796539,11.65493774,169.67445699,29.44022015,132.75209045,48.86137390,18.63172913,43.67991638,34.59672546,10.40043640,196.39188592,34.25273759,138.04449463,62.32684326,19.08294678,53.42864990,45.05218506,11.79986572,252.15187436,44.45564037,168.09918213,1
21,2560,512,54.79204941,40.63118362,62.83769608,34.68194199,16.53992081,266.46890790,45.53823626,206.28888702,59.20011902,46.50404358,68.14416504,40.38565063,17.58047485,283.93330967,48.50771643,227.03170776,56.20709229,49.16082764,65.59863281,45.64025879,18.64282227,278.93522017,48.02319398,222.39172363,1
22,2560,1024,37.11098099,27.09456253,41.42237091,22.63669586,12.61347961,167.99891937,28.50857031,139.96844864,43.18099976,26.21243286,44.91851807,27.28985596,11.60717773,184.28004444,31.52776150,144.36334229,52.22528076,25.23028564,49.88592529,35.36053467,12.24298096,221.70988071,38.56202158,158.87731934,1
23,2560,1536,48.49565506,51.92544174,56.94024658,43.33360291,18.10875702,285.39964459,48.79356989,219.66801453,58.47056580,60.70018005,65.53565979,54.30162048,19.01924133,326.97955106,55.66537881,255.61933899,65.77239990,64.68304443,71.75708008,62.44396973,21.87292480,355.17944582,60.96347159,276.50085449,4
24,3072,0,46.59476852,26.30831528,37.66675568,41.91628265,12.26544189,208.54907099,36.21976347,153.17584610,56.66381836,30.99826050,42.75532532,51.46726990,12.71900940,254.88135597,44.19890202,181.73864746,59.45886230,38.05432129,39.59014893,59.92962646,15.26727295,236.91006944,40.57187734,194.06140137,1
25,3072,512,56.65877151,26.76306534,49.24026489,43.87059784,13.96096802,251.97190369,43.88166108,180.38267517,67.45411682,28.35945129,55.62303162,52.58302307,15.24610901,287.31975322,49.68586948,214.80397034,64.23736572,27.53692627,50.01165771,53.04962158,17.29400635,240.12820132,41.55851348,199.93853760,1
26,3072,1024,69.48926163,58.86926651,64.76911545,70.24445724,19.95046616,373.31274350,64.54238774,267.08113098,85.73132324,72.94720459,74.57049561,90.41189575,23.44845581,467.63337977,80.28013321,342.08146667,84.75866699,75.24121094,74.58721924,89.40362549,29.44757080,385.12534064,64.81707320,362.32373047,2
27,3072,1536,48.53411865,104.72105408,90.48934174,85.87883759,24.15892792,521.10246091,91.28810796,348.09663773,55.27539062,134.53063965,110.49420166,109.40597534,30.40634155,639.63531003,111.34309084,457.60818481,50.36407471,122.17205811,100.89233398,99.73010254,36.94543457,488.50058282,84.38536853,434.55371094,2
28,3584,0,18.61444092,11.70124817,16.26695251,16.57806396,6.64074707,75.20945351,12.96396495,65.05783844,20.19122314,9.48867798,16.56901550,17.11408997,4.90058899,82.61943336,14.40144649,59.61949158,23.94421387,9.90209961,18.56219482,20.45184326,5.07073975,93.22130996,16.31229770,66.64013672,3
29,3584,512,12.68531036,10.56706238,12.41880417,11.74576950,5.93519211,55.09647428,9.38421764,52.98952103,10.20326233,7.07118225,9.58552551,8.88471985,3.78941345,45.90566573,7.89662936,38.91244507,8.70690918,5.60888672,7.81469727,7.59143066,3.07421875,36.64114267,6.31222783,32.01770020,3
30,3584,1024,38.84458923,41.14688110,43.34405518,46.29676056,14.47630310,247.80306937,43.08970288,182.87641144,39.37805176,47.61801147,45.96534729,52.70903015,14.90156555,270.79335896,47.13023943,200.42306519,36.63793945,53.15563965,46.82739258,55.56066895,15.94152832,262.34443472,45.35449109,206.69372559,1
31,3584,1536,63.03549194,73.15666199,81.41425705,71.75836563,25.52383804,425.19912854,73.66919611,326.65570450,62.68603516,76.34014893,83.85557556,73.30329895,25.70433044,430.65208902,74.90181233,326.56440735,58.05529785,74.59350586,80.16198730,71.77685547,25.39965820,391.24212584,67.55530439,321.77288818,2
