recorte,linha,coluna,f00,f01,f02,f03,f04,f05,f06,f07,f08,f09,f10,f11,f12,f13,f14,f15,f16,f17,f18,f19,f20,f21,f22,f23,grupo
0,0,0,0.04499858,0.05537138,0.06372781,0.06372781,0.00624929,4.49256182,0.05073223,0.13517950,0.07809804,0.09832393,0.11390239,0.11390239,0.01969765,4.49792051,0.12638029,0.32296500,0.11625432,0.16377538,0.18060708,0.18060708,0.04814658,4.53119326,0.25423893,0.61385411,1
1,0,512,0.07685317,0.07888399,0.09675713,0.09675713,0.00800886,15.17082787,0.06771205,0.18107478,0.13811135,0.14709997,0.17917684,0.17917684,0.02543012,15.17806911,0.17636281,0.45493299,0.23500393,0.26373518,0.31331426,0.31331426,0.06618351,15.18455887,0.42087990,1.06439722,0
2,0,1024,0.04525657,0.05841774,0.06179497,0.06179497,0.00666046,15.48729897,0.05067954,0.13351998,0.07530378,0.10317396,0.10881355,0.10881355,0.01933336,15.48970604,0.11482295,0.28805685,0.12266472,0.18180811,0.18973246,0.18973246,0.04627091,15.49484921,0.25855613,0.63972205,1
3,0,1536,0.06305879,0.03373891,0.06304575,0.06304575,0.00753941,5.52324867,0.06373145,0.16934299,0.11145005,0.05310567,0.10983603,0.10983603,0.02297226,5.53312206,0.15485860,0.39038569,0.16584839,0.07942892,0.16310208,0.16310208,0.05785533,5.53360891,0.29961073,0.67607456,1
4,512,0,0.07733651,0.04655067,0.07129428,0.07129428,0.00910247,10.09641171,0.07261841,0.19269457,0.13238013,0.07253774,0.11960486,0.11960486,0.02797321,10.04814911,0.16564584,0.41365224,0.19461367,0.10021216,0.17507038,0.17507038,0.06362448,9.89488125,0.29615420,0.67965019,1
5,512,512,0.05065505,0.02181658,0.04353941,0.04353941,0.00652244,13.70602322,0.04693399,0.12212436,0.08243145,0.02727287,0.06832230,0.06832230,0.01806454,13.66850376,0.09172017,0.21830292,0.13081658,0.03077692,0.10508372,0.10508372,0.03710035,13.51469612,0.16824275,0.37679368,1
6,512,1024,0.06238601,0.03823792,0.05779406,0.05779406,0.00964264,16.26179695,0.06805038,0.17692080,0.09479386,0.04773812,0.08405023,0.08405023,0.02608545,16.23213577,0.12322186,0.28948563,0.13308939,0.05416530,0.11505343,0.11505343,0.05285102,16.10798073,0.20294216,0.43792313,1
7,512,1536,0.10901020,0.06361616,0.10848775,0.10848775,0.01539806,12.39186859,0.12074937,0.31797829,0.17484802,0.09428169,0.17291924,0.17291924,0.04431462,12.39011860,0.24790516,0.60102993,0.23862033,0.13459738,0.24539533,0.24539533,0.09680197,12.26910210,0.42609295,0.93524414,0
8,1024,0,0.10876103,0.10078795,0.12709990,0.12709990,0.01812103,6.51935768,0.14730856,0.39127272,0.17230099,0.15369006,0.19399248,0.19399248,0.05590260,6.56605244,0.30981651,0.74784720,0.22562566,0.18983488,0.24307925,0.24307925,0.12156772,6.70762539,0.49225783,1.04700875,0
9,1024,512,0.09041476,0.19201706,0.17261136,0.17261136,0.02162025,11.91884422,0.18144435,0.48356938,0.14774679,0.32067028,0.28750411,0.28750411,0.06627613,11.93952370,0.41105771,1.02668881,0.21531580,0.44048816,0.40581971,0.40581971,0.15538524,12.01150608,0.73421782,1.67721355,2
10,1024,1024,0.08893496,0.15903775,0.16617796,0.16617796,0.01871893,9.89986229,0.15736121,0.41897956,0.15088524,0.26645172,0.27937925,0.27937925,0.05625931,9.92659187,0.35386610,0.88505709,0.23494260,0.40190998,0.42200443,0.42200443,0.13661811,10.03658581,0.68097413,1.58884525,2
11,1024,1536,0.08349431,0.15755838,0.14550132,0.14550132,0.01914563,8.52767277,0.16099368,0.42913443,0.13516571,0.25144395,0.23240124,0.23240124,0.05739067,8.54467201,0.34977591,0.86700094,0.19024709,0.34402257,0.31826067,0.31826067,0.13982494,8.63297367,0.61538374,1.36891675,2
12,1536,0,0.07415054,0.09580612,0.10919360,0.10919360,0.01287765,5.46804333,0.10638288,0.28381479,0.12105435,0.15927787,0.17863566,0.17863566,0.04005883,5.47434187,0.23957980,0.59650898,0.17500806,0.22702749,0.25246692,0.25246692,0.09457637,5.48728132,0.42695278,0.97579014,0
13,1536,512,0.06101388,0.18225646,0.14803371,0.14803371,0.01703693,10.46108246,0.14559443,0.38829350,0.10057308,0.31865013,0.25746417,0.25746417,0.05271699,10.47324753,0.35294661,0.89774024,0.14883178,0.46191177,0.37583116,0.37583116,0.13198340,10.50498009,0.67795724,1.57296610,2
14,1536,1024,0.06208603,0.12825693,0.12664412,0.12664412,0.01297514,9.30531311,0.10887014,0.29063654,0.10368533,0.21730159,0.21147227,0.21147227,0.03903734,9.31833839,0.24958998,0.63278961,0.15885514,0.31769869,0.30313629,0.30313629,0.10155321,9.33928108,0.48826361,1.14494705,0
15,1536,1536,0.11815178,0.19986017,0.18303952,0.18303952,0.02406157,12.80372143,0.20394653,0.54779720,0.18826523,0.32790181,0.29021737,0.29021737,0.07440461,12.80522919,0.45386750,1.14038968,0.24531528,0.44285792,0.37745929,0.37745929,0.19624078,12.79988575,0.79144120,1.73526263,2
16,2048,0,0.07672539,0.04885995,0.07933515,0.07933515,0.01012499,17.10492706,0.08161955,0.21650189,0.12338152,0.07692270,0.12590890,0.12590890,0.03024544,17.09451294,0.17714398,0.43850455,0.17266643,0.10539826,0.16915147,0.16915147,0.07416270,17.07814598,0.31321621,0.69135207,1
17,2048,512,0.06012828,0.13722721,0.12330477,0.12330477,0.01407043,15.12084961,0.11994521,0.31993884,0.09791575,0.23676759,0.21018398,0.21018398,0.04330090,15.11122322,0.28804559,0.72928178,0.14442888,0.33090103,0.29588595,0.29588595,0.10879633,15.09440041,0.53685975,1.22446346,0
18,2048,1024,0.07540683,0.07285306,0.09518310,0.09518310,0.01101008,16.06394005,0.08976928,0.23930599,0.12488534,0.11640562,0.15373696,0.15373696,0.03267404,16.05826950,0.19551665,0.48929057,0.18221225,0.15875551,0.21044049,0.21044049,0.08463367,16.03524017,0.36044216,0.82257861,0
19,2048,1536,0.09336587,0.12151871,0.14226595,0.14226595,0.01500017,9.87767315,0.12527387,0.33648062,0.15648335,0.20181112,0.23454458,0.23454458,0.04591460,9.86906338,0.28335246,0.71985030,0.22707134,0.28867638,0.32412949,0.32412949,0.12756029,9.85871792,0.52844322,1.18855715,0
20,2560,0,0.11621198,0.04784344,0.10725757,0.10725757,0.01318726,15.97086143,0.10365319,0.27436566,0.18769696,0.07205676,0.16826767,0.16826767,0.03787078,15.97059441,0.21231917,0.52228218,0.27858454,0.09280248,0.23814003,0.23814003,0.09137426,15.96451283,0.38581246,0.85939044,0
21,2560,512,0.14974608,0.11482485,0.17796017,0.17796017,0.02119517,13.21345043,0.16936830,0.45369273,0.22556236,0.17860806,0.26069111,0.26069111,0.06390342,13.21488571,0.34798136,0.85829282,0.27661976,0.23235381,0.30885455,0.30885455,0.16328159,13.22083664,0.57240528,1.21432936,2
22,2560,1024,0.10404696,0.06861310,0.11551262,0.11551262,0.01404621,14.32979584,0.10922256,0.29226568,0.16510336,0.09953020,0.17174378,0.17174378,0.04134196,14.34045029,0.22005227,0.54322857,0.23673698,0.12150064,0.22543228,0.22543228,0.10879447,14.34380531,0.38651660,0.83933491,0
23,2560,1536,0.14087540,0.14774504,0.16350397,0.16350397,0.02260254,14.63095093,0.18243016,0.49019745,0.22346616,0.23126601,0.25045505,0.25045505,0.06817858,14.64039040,0.38465533,0.96120220,0.30512914,0.30632299,0.33030301,0.33030301,0.18798910,14.65167236,0.67995274,1.47074389,2
24,3072,0,0.13497293,0.07407533,0.10600154,0.10600154,0.01570316,14.89374352,0.12822804,0.34183729,0.21684600,0.12043414,0.16371879,0.16371879,0.04708087,14.90037537,0.27790925,0.69251895,0.28888798,0.17342462,0.19810453,0.19810453,0.11795270,14.91830826,0.47391409,1.03140366,0
25,3072,512,0.16332904,0.07146686,0.14002399,0.14002399,0.01863893,18.11090279,0.15378742,0.41024759,0.25577754,0.10832626,0.21105009,0.21105009,0.05542482,18.11683083,0.32647794,0.80839115,0.31724510,0.13500994,0.24616309,0.24616309,0.13913341,18.14657974,0.52887774,1.09546876,0
26,3072,1024,0.20547578,0.17433171,0.18546228,0.18546228,0.02800766,13.36005592,0.23265004,0.62439936,0.32650855,0.27926329,0.28441536,0.28441536,0.08533850,13.37074089,0.51331490,1.29184580,0.42111492,0.36790001,0.36379963,0.36379963,0.23246098,13.39946842,0.89830124,1.95216882,3
27,3072,1536,0.13793293,0.31889570,0.26901084,0.26901084,0.03674421,14.68666077,0.31332147,0.83767372,0.20934042,0.51184601,0.41984656,0.41984656,0.11100484,14.70481014,0.69135195,1.72255254,0.25117284,0.63066947,0.51254559,0.51254559,0.28896451,14.73789978,1.14703834,2.38949490,3
28,3584,0,0.04875382,0.02570945,0.04149213,0.04149213,0.00624275,22.89479828,0.04711667,0.12392581,0.07651866,0.03660845,0.06303719,0.06303719,0.01747075,22.88657570,0.09237273,0.22377269,0.10832922,0.04686673,0.08469056,0.08469056,0.03846674,22.86694336,0.15340433,0.33437669,1
29,3584,512,0.02809652,0.02108319,0.02757863,0.02757863,0.00492993,24.38677406,0.03548217,0.09273940,0.03840601,0.02673309,0.03622920,0.03622920,0.01313708,24.38042831,0.06182422,0.14457975,0.04305901,0.02869166,0.03886985,0.03886985,0.02691033,24.35505295,0.08879574,0.17850035,1
30,3584,1024,0.10139460,0.11517325,0.11656483,0.11656483,0.01864165,18.54306030,0.15084188,0.40031382,0.14821070,0.18178843,0.17405632,0.17405632,0.05366226,18.54499435,0.30744547,0.75203967,0.18465471,0.25130218,0.23082873,0.23082873,0.13397220,18.55548668,0.52044833,1.11249161,0
31,3584,1536,0.16217594,0.19203576,0.21572557,0.21572557,0.03299080,15.56133652,0.26031977,0.68762195,0.23557501,0.28878078,0.31725436,0.31725436,0.09139675,15.56440067,0.50407994,1.21913624,0.28732520,0.37156469,0.39409071,0.39409071,0.21256201,15.55819321,0.82460254,1.75028896,3
